Stock,Best ML Feature
ADVANC,Fundamental+LDA Twitter+GDELT V1
BANPU,Fundamental
BH,Fundamental+LDA Twitter
BTS,Fundamental
CBG,Fundamental
CPALL,Fundamental+LDA Twitter+GDELT V2
CPF,Fundamental+LDA Twitter
INTUCH,Fundamental+LDA News+LDA Twitter
IVL,Fundamental+LDA Twitter
KBANK,Fundamental+GDELT V1
LH,Fundamental+LDA Twitter
PTT,Fundamental+LDA Twitter+GDELT V1
PTTEP,Fundamental+LDA Twitter
PTTGC,Fundamental+LDA Twitter+GDELT V1
SCB,Fundamental+LDA News+GDELT V1+GDELT V2
SCC,Fundamental
TISCO,Fundamental+LDA Twitter+GDELT V1
TU,Fundamental+LDA News+LDA Twitter
WHA,Fundamental
